Name,SKU,Parent SKU,Product description,Vendor,Brand,Category,Type,Colors,Sizes,Collections,Unit price,Discounted Price,Stock Quantity,Status,Image Url,URL
Personalized Name Necklace - Golden,1558,,,Trust Commerce,Zeesy,Accessories & Jewellery,Accessories,,,,3000,,10,Active,https://cdn.shopify.com/s/files/1/0667/9606/0977/files/accessories-default-title-personalized-name-necklace-golden-31114683-40957889708337.webp?v=1772096226,https://bajihustler.circlewomen.com/shop/t2mgz3oe7u3h
Colorful Symphony Necklace,5687,,,Trust Commerce,Zeesy,Accessories & Jewellery,Necklace Sets,,,,3000,,10,Active,https://cdn.shopify.com/s/files/1/0667/9606/0977/files/necklace-sets-default-title-colorful-symphony-necklace-17215-34771119309105.jpg?v=1772082133,https://bajihustler.circlewomen.com/shop/9sysnqumjdsb
Simone Anklet,1913,,,Trust Commerce,Zeesy,Accessories & Jewellery,Anklets,,,,6000,,10,Active,https://cdn.shopify.com/s/files/1/0667/9606/0977/files/anklets-golden-white-simone-anklet-3115923-45736816214321.webp?v=1772096765,https://bajihustler.circlewomen.com/shop/tjcgqucmqvvc
Royal Perpetual Gemstone Sheesh Patti,1067,,,Trust Commerce,Zeesy,Accessories & Jewellery,Matha Pati,,,,5000,,10,Active,https://cdn.shopify.com/s/files/1/0667/9606/0977/files/matha-pati-default-title-royal-perpetual-gemstone-sheesh-patti-31124623-44723914408241.webp?v=1779956316,https://bajihustler.circlewomen.com/shop/o8ma8hcqrr8j
Majestic Sovereign Heart Bracelet,1015,,,Trust Commerce,Zeesy,Accessories & Jewellery,Bracelet,,,,799,,10,Active,https://cdn.shopify.com/s/files/1/0667/9606/0977/files/bracelet-default-title-majestic-sovereign-heart-bracelet-31126353-44863611044145.webp?v=1779957261,https://bajihustler.circlewomen.com/shop/omqjemzbru4e
Sculpted Botanical Baai Bangle Ring Set,1092,,,Trust Commerce,Zeesy,Accessories & Jewellery,Bangles,,,,2500,,10,Active,https://cdn.shopify.com/s/files/1/0667/9606/0977/files/bangles-default-title-sculpted-botanical-baai-bangle-ring-set-31123863-45784564662577.webp?v=1779956527,https://bajihustler.circlewomen.com/shop/1c4bfj3p2lto
Initial H Medallion Charm Bracelet,433,,,Trust Commerce,Zeesy,Accessories & Jewellery,Bracelet,,,,1000,,10,Active,https://cdn.shopify.com/s/files/1/0667/9606/0977/files/InitialHMedallionCharmBracelet2.webp?v=1788346656,https://bajihustler.circlewomen.com/shop/lpoauvqzwb8t
Modern Rainbow Charm Chain,1210,,,Trust Commerce,Zeesy,Accessories & Jewellery,Chains,,,,1500,,10,Active,https://cdn.shopify.com/s/files/1/0667/9606/0977/files/chains-default-title-modern-rainbow-charm-chain-31121013-44941895729457.webp?v=1779956492,https://bajihustler.circlewomen.com/shop/jzucszqaneon
Vector Earrings,1385,,,Trust Commerce,Zeesy,Accessories & Jewellery,Earrings,,,,699,,10,Active,https://cdn.shopify.com/s/files/1/0667/9606/0977/files/earrings-default-title-vector-earrings-31117563-42584840929585.png?v=1772079884,https://bajihustler.circlewomen.com/shop/c7ry1y9uwh7n
Personalized Minimalist Name Necklace,1555,,,Trust Commerce,Zeesy,Accessories & Jewellery,Accessories,,,,3000,,10,Active,https://cdn.shopify.com/s/files/1/0667/9606/0977/files/accessories-default-title-personalized-minimalist-name-necklace-31114713-40958179836209.jpg?v=1772096227,https://bajihustler.circlewomen.com/shop/mcnr6xxqt2i2
Sphere Studs Earrings,5653,,,Trust Commerce,Zeesy,Accessories & Jewellery,Earrings,,,,1500,,10,Active,https://cdn.shopify.com/s/files/1/0667/9606/0977/files/earrings-default-title-sphere-studs-earrings-12110-37639502561585.jpg?v=1772081850,https://bajihustler.circlewomen.com/shop/c5fjscrszlqs
Chic Gold Tone Heart Bracelet,1004,,,Trust Commerce,Zeesy,Accessories & Jewellery,Bracelet,,,,880,,10,Active,https://cdn.shopify.com/s/files/1/0667/9606/0977/files/bracelet-default-title-chic-gold-tone-heart-bracelet-31126473-44745460580657.webp?v=1779956209,https://bajihustler.circlewomen.com/shop/lqgkp0eldef2
Hyderabadi Choker Set,5659,,,Trust Commerce,Zeesy,Accessories & Jewellery,Necklace Sets,,,,4000,,10,Active,https://cdn.shopify.com/s/files/1/0667/9606/0977/files/necklace-sets-default-title-hyderabadi-choker-set-17227-45319861731633.webp?v=1772097848,https://bajihustler.circlewomen.com/shop/n9grixiwbu3o
Aquata's Ring,4794,,,Trust Commerce,Zeesy,Accessories & Jewellery,Rings,,,,450,,10,Active,https://cdn.shopify.com/s/files/1/0667/9606/0977/files/rings-default-title-aquata-s-ring-15534-43608816910641.webp?v=1772097305,https://bajihustler.circlewomen.com/shop/es5kjheo8e3r
Royal Pearl Malla Necklace Set,6486,,,Trust Commerce,Zeesy,Accessories & Jewellery,Necklace Sets,,,,7500,,10,Active,https://cdn.shopify.com/s/files/1/0667/9606/0977/products/necklace-sets-default-title-royal-pearl-malla-necklace-set-1101371-32586941694257.jpg?v=1772081324,https://bajihustler.circlewomen.com/shop/nbz9i21i8fhp
Leaf Zircon Dangle Earrings,546,,,Trust Commerce,Zeesy,Accessories & Jewellery,Earrings,,,,999,,10,Active,https://cdn.shopify.com/s/files/1/0667/9606/0977/files/LeafZirconDangleEarrings-S-1.webp?v=1785393517,https://bajihustler.circlewomen.com/shop/rgs9blrva5jj
Handcrafted Floral Jali Bangle Set,1096,,,Trust Commerce,Zeesy,Accessories & Jewellery,Bangles,,,,3000,,10,Active,https://cdn.shopify.com/s/files/1/0667/9606/0977/files/bangles-default-title-handcrafted-floral-jali-bangle-set-31123783-45784440996145.webp?v=1779956540,https://bajihustler.circlewomen.com/shop/skjesh8vk6no
Luxe Double Melted Shell Ring,475,,,Trust Commerce,Zeesy,Accessories & Jewellery,Finger Ring,,,,400,,10,Active,https://cdn.shopify.com/s/files/1/0667/9606/0977/files/LuxeDoubleMeltedShellRing-1.webp?v=1787141277,https://bajihustler.circlewomen.com/shop/pwpsfgzg9kow
Kalanchoe Necklace Set,1811,,,Trust Commerce,Zeesy,Accessories & Jewellery,Necklace Sets,,,,6200,,10,Active,https://cdn.shopify.com/s/files/1/0667/9606/0977/files/necklace-sets-default-title-kalanchoe-necklace-set-996843-44604187214129.webp?v=1772096648,https://bajihustler.circlewomen.com/shop/gxucne4htbqw
Calligraphy Customized Name Pendant,1139,,,Trust Commerce,Zeesy,Accessories & Jewellery,Accessories,,,,3000,,10,Active,https://cdn.shopify.com/s/files/1/0667/9606/0977/files/accessories-default-title-calligraphy-customized-name-pendant-31122473-44459933532465.webp?v=1779956596,https://bajihustler.circlewomen.com/shop/hypi3fv8ikz6
Fluorite Anklet,1902,,,Trust Commerce,Zeesy,Accessories & Jewellery,Anklets,,,,6000,,10,Active,https://cdn.shopify.com/s/files/1/0667/9606/0977/files/anklets-golden-white-fluorite-anklet-3116053-40510592680241.webp?v=1772096708,https://bajihustler.circlewomen.com/shop/tbtvskjpfgoc
Wave Grace Cluster Pave Ring,5604,,,Trust Commerce,Zeesy,Accessories & Jewellery,Finger Ring,,,,399,,10,Active,https://cdn.shopify.com/s/files/1/0667/9606/0977/files/finger-ring-default-title-wave-grace-cluster-pave-ring-15121-44889844810033.webp?v=1772097848,https://bajihustler.circlewomen.com/shop/b6wjixktgkq5
Luxuriouse Ancestral Stream Embrace Bangles,1104,,,Trust Commerce,Zeesy,Accessories & Jewellery,Bangles,,,,4500,,10,Active,https://cdn.shopify.com/s/files/1/0667/9606/0977/files/bangles-default-title-luxuriouse-ancestral-stream-embrace-bangles-31123543-44918515925297.webp?v=1779956577,https://bajihustler.circlewomen.com/shop/yvkr8is5ubq9
Aster Bow Zirconia Strand Bracelet,533,,,Trust Commerce,Zeesy,Accessories & Jewellery,Bracelet,,,,800,,10,Active,https://cdn.shopify.com/s/files/1/0667/9606/0977/files/AsterBowZirconiaStrandBracelet-G-4_148f9afa-b8bc-42f8-80ef-669c6941d3e8.webp?v=1785146399,https://bajihustler.circlewomen.com/shop/ijqplzxi5ech
Meadow Matha Pati,1363,,,Trust Commerce,Zeesy,Accessories & Jewellery,Matha Pati,,,,3000,,10,Active,https://cdn.shopify.com/s/files/1/0667/9606/0977/files/matha-pati-default-title-meadow-matha-pati-31117993-45058690122033.webp?v=1779956726,https://bajihustler.circlewomen.com/shop/mlxyros5ffl5
Umika Anklets,1903,,,Trust Commerce,Zeesy,Accessories & Jewellery,Anklets,,,,4500,,10,Active,https://cdn.shopify.com/s/files/1/0667/9606/0977/files/anklets-golden-white-umika-anklets-3116043-45739218174257.webp?v=1772096707,https://bajihustler.circlewomen.com/shop/edc1ns62wuio
Structural Gilded Droplet Open Ring,625,,,Trust Commerce,Zeesy,Accessories & Jewellery,Finger Ring,,,,499,,10,Active,https://cdn.shopify.com/s/files/1/0667/9606/0977/files/StructuralGildedDropletOpenRing-3.webp?v=1773820438,https://bajihustler.circlewomen.com/shop/yevmle4ybdv0
Chic Ribbon Bow Stud Earrings,1198,,,Trust Commerce,Zeesy,Accessories & Jewellery,Earrings,,,,799,,10,Active,https://cdn.shopify.com/s/files/1/0667/9606/0977/files/earrings-default-title-chic-ribbon-bow-stud-earrings-31121133-45391486517553.webp?v=1779956480,https://bajihustler.circlewomen.com/shop/wtjiu8cdk5go
Sleek Square Solitaire Chain,1216,,,Trust Commerce,Zeesy,Accessories & Jewellery,Chains,,,,850,,10,Active,https://cdn.shopify.com/s/files/1/0667/9606/0977/files/chains-default-title-sleek-square-solitaire-chain-31120923-44145447403825.webp?v=1779955944,https://bajihustler.circlewomen.com/shop/3dmkbpymii1a
Zara Pearl Matha Patti,6542,,,Trust Commerce,Zeesy,Accessories & Jewellery,Matha Pati,,,,1500,,10,Active,https://cdn.shopify.com/s/files/1/0667/9606/0977/products/matha-pati-default-title-matha-pati-0003-1101248-32105708159281.jpg?v=1772081355,https://bajihustler.circlewomen.com/shop/usrhy6yisz8p
Anaika Anklet,1904,,,Trust Commerce,Zeesy,Accessories & Jewellery,Anklets,,,,6000,,10,Active,https://cdn.shopify.com/s/files/1/0667/9606/0977/files/anklets-golden-white-anaika-anklet-3116033-45736489877809.webp?v=1772096708,https://bajihustler.circlewomen.com/shop/gniozrmfaaxg
Hyderabadi Panch lara Malla,5132,,,Trust Commerce,Zeesy,Accessories & Jewellery,Necklace Sets,,,,5000,,10,Active,https://cdn.shopify.com/s/files/1/0667/9606/0977/files/necklace-sets-default-title-hyderabadi-panch-lara-malla-20021-39883381473585.jpg?v=1772080566,https://bajihustler.circlewomen.com/shop/gcczerohb3zg
Delicate Ribbon Bow Pendant Set,975,,,Trust Commerce,Zeesy,Accessories & Jewellery,Pendant,,,,1500,,10,Active,https://cdn.shopify.com/s/files/1/0667/9606/0977/files/pendant-default-title-delicate-ribbon-bow-pendant-set-31126933-45084615115057.webp?v=1779956100,https://bajihustler.circlewomen.com/shop/gw73dhaxuqfg
Delicate Black Swan Chain,910,,,Trust Commerce,Zeesy,Accessories & Jewellery,Chains,,,,699,,10,Active,https://cdn.shopify.com/s/files/1/0667/9606/0977/files/chains-default-title-delicate-black-swan-chain-31127883-45391487402289.webp?v=1779956014,https://bajihustler.circlewomen.com/shop/xpnnhga7bba4
Sovereign Pearl Forehead Sheesh Patti,1071,,,Trust Commerce,Zeesy,Accessories & Jewellery,Matha Pati,,,,5000,,10,Active,https://cdn.shopify.com/s/files/1/0667/9606/0977/files/matha-pati-default-title-sovereign-pearl-forehead-sheesh-patti-31124583-44723960381745.webp?v=1779956321,https://bajihustler.circlewomen.com/shop/2a1lj1vmk4ua
Sculptural Filigree Bangle Ring Set,1098,,,Trust Commerce,Zeesy,Accessories & Jewellery,Bangles,,,,3000,,10,Active,https://cdn.shopify.com/s/files/1/0667/9606/0977/files/bangles-default-title-sculptural-filigree-bangle-ring-set-31123733-44826186842417.webp?v=1779956538,https://bajihustler.circlewomen.com/shop/kg4bprs1zole
Minimalist Tied Ribbon Ring,485,,,Trust Commerce,Zeesy,Accessories & Jewellery,Finger Ring,,,,400,,10,Active,https://cdn.shopify.com/s/files/1/0667/9606/0977/files/MinimalistTiedRibbonOpenBand-1.webp?v=1787378411,https://bajihustler.circlewomen.com/shop/j3txyaghi1lb
Puffed Heart Ribbon Bow Pendant,681,,,Trust Commerce,Zeesy,Accessories & Jewellery,Pendant,,,,999,,10,Active,https://cdn.shopify.com/s/files/1/0667/9606/0977/files/PuffedHeartRibbonBowPendant-4.webp?v=1778665728,https://bajihustler.circlewomen.com/shop/xrjnueglrr4l
Radiant Morning Dew Gilded Ring,629,,,Trust Commerce,Zeesy,Accessories & Jewellery,Finger Ring,,,,499,,10,Active,https://cdn.shopify.com/s/files/1/0667/9606/0977/files/RadiantMorningDewGildedRing-3.webp?v=1773812175,https://bajihustler.circlewomen.com/shop/5h2f2419cbvl
Personalized Name Necklace - Silver,1556,,,Trust Commerce,Zeesy,Accessories & Jewellery,Accessories,,,,3000,,10,Active,https://cdn.shopify.com/s/files/1/0667/9606/0977/files/accessories-default-title-personalized-name-necklace-silver-31114703-40968101691697.png?v=1772080035,https://bajihustler.circlewomen.com/shop/oqekkyw8wbmx
Filiano Bold Pearl Anklets,1906,,,Trust Commerce,Zeesy,Accessories & Jewellery,Anklets,,,,6000,,10,Active,https://cdn.shopify.com/s/files/1/0667/9606/0977/files/anklets-golden-white-filiano-anklets-3116013-45736625963313.webp?v=1772096708,https://bajihustler.circlewomen.com/shop/ovlaaqowjoka
Meridian Choker Necklace Set,1320,,,Trust Commerce,Zeesy,Accessories & Jewellery,Choker,,,,6500,,10,Active,https://cdn.shopify.com/s/files/1/0667/9606/0977/files/choker-default-title-meridian-choker-necklace-set-31118863-43838422286641.webp?v=1779956928,https://bajihustler.circlewomen.com/shop/qzjnjahlsgkg
Zultanite Anklet,1912,,,Trust Commerce,Zeesy,Accessories & Jewellery,Anklets,,,,6000,,10,Active,https://cdn.shopify.com/s/files/1/0667/9606/0977/files/anklets-golden-white-zultanite-anklet-3115933-45736892105009.webp?v=1772096765,https://bajihustler.circlewomen.com/shop/8rbtiof9wirm
Puffed Heart Ribbon Bow Bracelet,1245,,,Trust Commerce,Zeesy,Accessories & Jewellery,Bracelet,,,,850,,10,Active,https://cdn.shopify.com/s/files/1/0667/9606/0977/files/PuffedHeartRibbonBowBracelet-2.webp?v=1773387187,https://bajihustler.circlewomen.com/shop/xzielzddzf9j
Grandeur Crystal Sheesh Patti,1065,,,Trust Commerce,Zeesy,Accessories & Jewellery,Matha Pati,,,,4500,,10,Active,https://cdn.shopify.com/s/files/1/0667/9606/0977/files/matha-pati-default-title-grandeur-crystal-sheesh-patti-31124643-44723886358833.webp?v=1779956315,https://bajihustler.circlewomen.com/shop/7mud9xwts3rl
Luxe Curved Ribbon Tie Ring,467,,,Trust Commerce,Zeesy,Accessories & Jewellery,Finger Ring,,,,400,,10,Active,https://cdn.shopify.com/s/files/1/0667/9606/0977/files/LuxeCurvedRibbonTieRing-2.webp?v=1787140556,https://bajihustler.circlewomen.com/shop/pxqimlb3un1f
Delicate Ribbon Bow Charm Bracelet,1218,,,Trust Commerce,Zeesy,Accessories & Jewellery,Bracelet,,,,899,,10,Active,https://cdn.shopify.com/s/files/1/0667/9606/0977/files/bracelet-default-title-delicate-ribbon-bow-charm-bracelet-31120903-44144445260081.webp?v=1779956499,https://bajihustler.circlewomen.com/shop/z1r1yz31m2zw
Charming Puffed Heart Bow Drops,1242,,,Trust Commerce,Zeesy,Accessories & Jewellery,Earrings,,,,850,,10,Active,https://cdn.shopify.com/s/files/1/0667/9606/0977/files/earrings-default-title-charming-puffed-heart-bow-drops-31120413-45431206478129.webp?v=1779956633,https://bajihustler.circlewomen.com/shop/dengnlbrfjv0
Nova Smooth Snake Collar Chain,1403,,,Trust Commerce,Zeesy,Accessories & Jewellery,Chains,,,,850,,10,Active,https://cdn.shopify.com/s/files/1/0667/9606/0977/files/chains-default-title-rift-chain-31117363-44249778127153.webp?v=1772096046,https://bajihustler.circlewomen.com/shop/s7d0bmcfwort
Enstatite Anklets,1901,,,Trust Commerce,Zeesy,Accessories & Jewellery,Anklets,,,,6000,,10,Active,https://cdn.shopify.com/s/files/1/0667/9606/0977/files/anklets-golden-white-enstatite-anklets-3116063-45740380815665.webp?v=1772096708,https://bajihustler.circlewomen.com/shop/qxyrp4eqd3zf
Photon Earrings,1376,,,Trust Commerce,Zeesy,Accessories & Jewellery,Earrings,,,,1500,,10,Active,https://cdn.shopify.com/s/files/1/0667/9606/0977/files/earrings-default-title-photon-earrings-31117653-45431851548977.webp?v=1772095986,https://bajihustler.circlewomen.com/shop/bjxtxpos7q6c
Baali Guluband Pearl Choker Set,6744,,,Trust Commerce,Zeesy,Accessories & Jewellery,Necklace Sets,,,,5000,,10,Active,https://cdn.shopify.com/s/files/1/0667/9606/0977/files/necklace-sets-default-title-baali-necklace-0317-1101514-45368132731185.webp?v=1772098865,https://bajihustler.circlewomen.com/shop/dybcwo0rjmw7
Chic Gold Puffed Heart Pendant,1256,,,Trust Commerce,Zeesy,Accessories & Jewellery,Pendant,,,,1500,,10,Active,https://cdn.shopify.com/s/files/1/0667/9606/0977/files/pendant-default-title-chic-gold-puffed-heart-pendant-31120053-43313211015473.jpg?v=1779956636,https://bajihustler.circlewomen.com/shop/sigpsqanhegc
Timeless Mirror Traditional Sheesh Patti,548,,,Trust Commerce,Zeesy,Accessories & Jewellery,Matha Pati,,,,1850,,10,Active,https://cdn.shopify.com/s/files/1/0667/9606/0977/files/TimelessMirrorTraditionalSheeshPatti-G-1.webp?v=1781342540,https://bajihustler.circlewomen.com/shop/v6b64y32jgux
Zarnash Necklace,5534,,,Trust Commerce,Zeesy,Accessories & Jewellery,Necklace Sets,,,,7500,,10,Active,https://cdn.shopify.com/s/files/1/0667/9606/0977/files/necklace-sets-default-title-zarnash-necklace-17297-35737539313969.jpg?v=1772080589,https://bajihustler.circlewomen.com/shop/jwbfh6tuzbkp
Marhaba Baai Armlet Bangle Ring Set,1034,,,Trust Commerce,Zeesy,Accessories & Jewellery,Bangles,,,,3000,,10,Active,https://cdn.shopify.com/s/files/1/0667/9606/0977/files/bangles-default-title-marhaba-baai-armlet-bangle-ring-set-31125393-45910806397233.webp?v=1779956420,https://bajihustler.circlewomen.com/shop/rgfdvmlqws6d
Golden Riviera Seashell Starfish Ring,622,,,Trust Commerce,Zeesy,Accessories & Jewellery,Finger Ring,,,,499,,10,Active,https://cdn.shopify.com/s/files/1/0667/9606/0977/files/GoldenRivieraSeashellStarfishRing-3.webp?v=1774600164,https://bajihustler.circlewomen.com/shop/jl7u0k0ca31f
Cloudy Chain,2150,,,Trust Commerce,Zeesy,Accessories & Jewellery,Chains,,,,699,,10,Active,https://cdn.shopify.com/s/files/1/0667/9606/0977/files/CloudyChain-3.webp?v=1778658862,https://bajihustler.circlewomen.com/shop/4peub5zsgrq8
Eternity Pave Crystal Ring,1171,,,Trust Commerce,Zeesy,Accessories & Jewellery,Finger Ring,,,,599,,10,Active,https://cdn.shopify.com/s/files/1/0667/9606/0977/files/finger-ring-default-title-eternity-pave-crystal-ring-31121933-44462011941169.webp?v=1779956438,https://bajihustler.circlewomen.com/shop/xuzicqa05j8d
Heartfelt Pendant Initials Custom Necklace,1255,,,Trust Commerce,Zeesy,Accessories & Jewellery,Accessories,,,,3500,,10,Active,https://cdn.shopify.com/s/files/1/0667/9606/0977/files/accessories-default-title-heartfelt-pendant-initials-custom-necklace-31120063-43344872374577.webp?v=1779955955,https://bajihustler.circlewomen.com/shop/xmjhufx4266c
Emrah Anklet,1909,,,Trust Commerce,Zeesy,Accessories & Jewellery,Anklets,,,,6000,,10,Active,https://cdn.shopify.com/s/files/1/0667/9606/0977/files/anklets-green-emrah-anklet-3115963-45736582840625.webp?v=1772096709,https://bajihustler.circlewomen.com/shop/cj2zb9oahiiy
Hallow Heart Pendant Set,1016,,,Trust Commerce,Zeesy,Accessories & Jewellery,Pendant,,,,1500,,10,Active,https://cdn.shopify.com/s/files/1/0667/9606/0977/files/pendant-default-title-hallow-heart-pendant-set-31126343-44700454551857.webp?v=1779956880,https://bajihustler.circlewomen.com/shop/qhlsdiyglfg1
Sorano Anklets,1917,,,Trust Commerce,Zeesy,Accessories & Jewellery,Anklets,,,,6000,,10,Active,https://cdn.shopify.com/s/files/1/0667/9606/0977/files/anklets-golden-white-sorano-anklets-3115873-45739196088625.webp?v=1772096766,https://bajihustler.circlewomen.com/shop/nneb2f2ntpbz
Avant-Garde Molten Spike Ring,620,,,Trust Commerce,Zeesy,Accessories & Jewellery,Finger Ring,,,,499,,10,Active,https://cdn.shopify.com/s/files/1/0667/9606/0977/files/Avant-GardeMoltenSpikeRing-3.webp?v=1774524775,https://bajihustler.circlewomen.com/shop/jhybykuzv2di
Ancestral Motif Ornate Sheesh Patti,1069,,,Trust Commerce,Zeesy,Accessories & Jewellery,Matha Pati,,,,4500,,10,Active,https://cdn.shopify.com/s/files/1/0667/9606/0977/files/matha-pati-default-title-ancestral-motif-ornate-sheesh-patti-31124603-44723946946865.webp?v=1779956320,https://bajihustler.circlewomen.com/shop/prop1iuvk4bf
Sleek Link Snake Bracelet,1207,,,Trust Commerce,Zeesy,Accessories & Jewellery,Bracelet,,,,749,,10,Active,https://cdn.shopify.com/s/files/1/0667/9606/0977/files/bracelet-default-title-sleek-link-snake-bracelet-31121043-45934124040497.webp?v=1779956485,https://bajihustler.circlewomen.com/shop/6rbph4ty2cc9
Merlino Anklets,1915,,,Trust Commerce,Zeesy,Accessories & Jewellery,Anklets,,,,6000,,10,Active,https://cdn.shopify.com/s/files/1/0667/9606/0977/files/anklets-golden-white-merlino-anklets-3115893-45736688845105.webp?v=1772096766,https://bajihustler.circlewomen.com/shop/hxre7nuzjnu7
Astra Chain,1409,,,Trust Commerce,Zeesy,Accessories & Jewellery,Chains,,,,1200,,10,Active,https://cdn.shopify.com/s/files/1/0667/9606/0977/files/chains-default-title-astra-chain-31117303-43728194863409.webp?v=1772096046,https://bajihustler.circlewomen.com/shop/o8jzz02x40rd
Dahlia Earrings,1357,,,Trust Commerce,Zeesy,Accessories & Jewellery,Earrings,,,,699,,10,Active,https://cdn.shopify.com/s/files/1/0667/9606/0977/files/earrings-default-title-dahlia-earrings-31118083-42595116450097.png?v=1779956730,https://bajihustler.circlewomen.com/shop/7rrertwjw3nr
Jeweled Elegant Whisper Bacrelet,1117,,,Trust Commerce,Zeesy,Accessories & Jewellery,Bracelet,,,,599,,10,Active,https://cdn.shopify.com/s/files/1/0667/9606/0977/files/bracelet-default-title-jeweled-elegant-whisper-bacrelet-31123093-45391489106225.webp?v=1779956894,https://bajihustler.circlewomen.com/shop/mdmmunfqdplp
Ancestral Jewel Forehead Sheesh Patti,1070,,,Trust Commerce,Zeesy,Accessories & Jewellery,Matha Pati,,,,5000,,10,Active,https://cdn.shopify.com/s/files/1/0667/9606/0977/files/matha-pati-default-title-ancestral-jewel-forehead-sheesh-patti-31124593-44723954614577.webp?v=1779956321,https://bajihustler.circlewomen.com/shop/fdb2iz9jrhh4
Royal Floral Pendant Set,4880,,,Trust Commerce,Zeesy,Accessories & Jewellery,Pendant,,,,1500,,10,Active,https://cdn.shopify.com/s/files/1/0667/9606/0977/files/Fancy_Pendent_1.webp?v=1787132846,https://bajihustler.circlewomen.com/shop/ugiv1pgut9lt
Adorned Malla necklace,2183,,,Trust Commerce,Zeesy,Accessories & Jewellery,Necklace Sets,,,,4000,,10,Active,https://cdn.shopify.com/s/files/1/0667/9606/0977/files/necklace-sets-default-title-adorned-malla-necklace-17670-38226496946481.jpg?v=1772083301,https://bajihustler.circlewomen.com/shop/dgilplerobs2
Chic Golden Plated Puffed Heart Stud Earrings,1282,,,Trust Commerce,Zeesy,Accessories & Jewellery,Earrings,,,,650,,10,Active,https://cdn.shopify.com/s/files/1/0667/9606/0977/files/earrings-default-title-chic-gold-plated-puffed-heart-stud-earrings-31119593-43084460228913.png?v=1779956772,https://bajihustler.circlewomen.com/shop/p6tvrauu8kif
Dawn Link Minimal Delicate Bracelet,524,,,Trust Commerce,Zeesy,Accessories & Jewellery,Bracelet,,,,899,,10,Active,https://cdn.shopify.com/s/files/1/0667/9606/0977/files/DawnLinkMinimalDelicateBracelet-G-3.webp?v=1785150017,https://bajihustler.circlewomen.com/shop/o4ugyves6zbc
Artisanal Aegean Molten Gold Ring,626,,,Trust Commerce,Zeesy,Accessories & Jewellery,Finger Ring,,,,499,,10,Active,https://cdn.shopify.com/s/files/1/0667/9606/0977/files/ArtisanalAegeanMoltenGoldRing-3_4b3e42b4-fc32-4eea-93fe-15d23f6c890f.webp?v=1774327101,https://bajihustler.circlewomen.com/shop/b6wodcmeapv0
Intricate Weave Kalai Bangle Ring Set,1093,,,Trust Commerce,Zeesy,Accessories & Jewellery,Bangles,,,,2500,,10,Active,https://cdn.shopify.com/s/files/1/0667/9606/0977/files/bangles-default-title-intricate-weave-kalai-bangle-ring-set-31123853-44825833603377.webp?v=1779956530,https://bajihustler.circlewomen.com/shop/nlxpnwglvxki
Lustrous Gemstones Necklace,5705,,,Trust Commerce,Zeesy,Accessories & Jewellery,Necklace Sets,,,,2700,,10,Active,https://cdn.shopify.com/s/files/1/0667/9606/0977/files/necklace-sets-default-title-lustrous-gemstones-necklace-17192-34696700166449.jpg?v=1772082174,https://bajihustler.circlewomen.com/shop/0vizvslmw9va
Juniper Earrings,1359,,,Trust Commerce,Zeesy,Accessories & Jewellery,Earrings,,,,1250,,10,Active,https://cdn.shopify.com/s/files/1/0667/9606/0977/files/earrings-default-title-juniper-earrings-31118063-43709406773553.webp?v=1779956727,https://bajihustler.circlewomen.com/shop/9kvptfsjflnj
Malini Anklet,1910,,,Trust Commerce,Zeesy,Accessories & Jewellery,Anklets,,,,6000,,10,Active,https://cdn.shopify.com/s/files/1/0667/9606/0977/files/anklets-golden-white-malini-anklet-3115953-40374302966065.webp?v=1772096709,https://bajihustler.circlewomen.com/shop/5t3q5cxtx9io
Personalized Name Necklace - Urdu/Arabic,1557,,,Trust Commerce,Zeesy,Accessories & Jewellery,Accessories,,,,3000,,10,Active,https://cdn.shopify.com/s/files/1/0667/9606/0977/files/accessories-default-title-personalized-name-necklace-urdu-arabic-31114693-40968160313649.webp?v=1772096226,https://bajihustler.circlewomen.com/shop/nbmhsstqbqqj
Sultanate Sunburst Filigree Bangle Ring Set,1036,,,Trust Commerce,Zeesy,Accessories & Jewellery,Bangles,,,,2500,,10,Active,https://cdn.shopify.com/s/files/1/0667/9606/0977/files/bangles-default-title-sultanate-sunburst-filigree-bangle-ring-set-31125353-44826432438577.webp?v=1779956421,https://bajihustler.circlewomen.com/shop/um4vs7jo46oz
Farwa Necklace Set,1813,,,Trust Commerce,Zeesy,Accessories & Jewellery,Necklace Sets,,,,6200,,10,Active,https://cdn.shopify.com/s/files/1/0667/9606/0977/files/necklace-sets-default-title-farwa-necklace-set-996841-45645367181617.webp?v=1772096648,https://bajihustler.circlewomen.com/shop/bpdk7zt2usg7
Gilded Perpetual Gemstone Sheesh Patti,1068,,,Trust Commerce,Zeesy,Accessories & Jewellery,Matha Pati,,,,4500,,10,Active,https://cdn.shopify.com/s/files/1/0667/9606/0977/files/matha-pati-default-title-gilded-perpetual-gemstone-sheesh-patti-31124613-44723986235697.webp?v=1779956317,https://bajihustler.circlewomen.com/shop/uku2xswdcf33
Hallow Curved Heart Bracelet,1012,,,Trust Commerce,Zeesy,Accessories & Jewellery,Bracelet,,,,799,,10,Active,https://cdn.shopify.com/s/files/1/0667/9606/0977/files/bracelet-default-title-hallow-curved-heart-bracelet-31126383-44863553667377.webp?v=1779956226,https://bajihustler.circlewomen.com/shop/quvmewio92fe
Customized Cursive Lettering Necklace,6570,,,Trust Commerce,Zeesy,Accessories & Jewellery,Accessories,,,,2000,,10,Active,https://cdn.shopify.com/s/files/1/0667/9606/0977/products/accessories-default-title-name-accessories-1101283-32105248882993.jpg?v=1772081400,https://bajihustler.circlewomen.com/shop/k1ivx9ji8w4s
Classic Gold Twisted Rope Bracelet,1217,,,Trust Commerce,Zeesy,Accessories & Jewellery,Bracelet,,,,899,,10,Active,https://cdn.shopify.com/s/files/1/0667/9606/0977/files/bracelet-default-title-classic-gold-twisted-rope-bracelet-31120913-44144451813681.webp?v=1779956497,https://bajihustler.circlewomen.com/shop/r19yxxvwmw8n
Chic Floral Station Chain,1209,,,Trust Commerce,Zeesy,Accessories & Jewellery,Chains,,,,1500,,10,Active,https://cdn.shopify.com/s/files/1/0667/9606/0977/files/chains-default-title-chic-floral-station-chain-31121023-44919332274481.webp?v=1779956489,https://bajihustler.circlewomen.com/shop/tcqiormvd4o3
Rivulet Earrings,1371,,,Trust Commerce,Zeesy,Accessories & Jewellery,Earrings,,,,699,,10,Active,https://cdn.shopify.com/s/files/1/0667/9606/0977/files/earrings-default-title-rivulet-earrings-31117703-42585072959793.png?v=1772079880,https://bajihustler.circlewomen.com/shop/uc7pblx1akbr
Marina's Ring,4796,,,Trust Commerce,Zeesy,Accessories & Jewellery,Rings,,,,450,,10,Active,https://cdn.shopify.com/s/files/1/0667/9606/0977/files/rings-default-title-marina-s-ring-15532-43668805550385.webp?v=1772097306,https://bajihustler.circlewomen.com/shop/tvr8gg5nwytd
Lotus Floral Beads Earrings,550,,,Trust Commerce,Zeesy,Accessories & Jewellery,Earrings,,,,1400,,10,Active,https://cdn.shopify.com/s/files/1/0667/9606/0977/files/LotusFloralBeadsBridalEarrings-Red-1.webp?v=1781177790,https://bajihustler.circlewomen.com/shop/2aiqr8f5vfef
Rosette Cluster Ring Pendant Set,5900,,,Trust Commerce,Zeesy,Accessories & Jewellery,Pendant,,,,4500,,10,Active,https://cdn.shopify.com/s/files/1/0667/9606/0977/files/pendant-default-title-rosette-cluster-ring-pendant-set-11008796-46248637628721.webp?v=1772098026,https://bajihustler.circlewomen.com/shop/ngjd0vrxgku9
Sabrina's Necklace,5512,,,Trust Commerce,Zeesy,Accessories & Jewellery,Necklace Sets,,,,4000,,10,Active,https://cdn.shopify.com/s/files/1/0667/9606/0977/files/necklace-sets-default-title-sabrina-s-necklace-17304-36932243718449.jpg?v=1772081830,https://bajihustler.circlewomen.com/shop/wrivgzgqttrg
Opulent Substantial Heirloom Drape Bracelet,1120,,,Trust Commerce,Zeesy,Accessories & Jewellery,Bracelet,,,,599,,10,Active,https://cdn.shopify.com/s/files/1/0667/9606/0977/files/OpulentSubstantialHeirloomDrapeBacrelet-G-1.webp?v=1782564273,https://bajihustler.circlewomen.com/shop/sratz2d0ydrb
Agave Necklace Set,1812,,,Trust Commerce,Zeesy,Accessories & Jewellery,Necklace Sets,,,,6200,,10,Active,https://cdn.shopify.com/s/files/1/0667/9606/0977/files/necklace-sets-default-title-agave-necklace-set-996842-40413610967345.webp?v=1772096647,https://bajihustler.circlewomen.com/shop/pnyjmblxjzjq
Elegant Sculpted Liquid Ring,632,,,Trust Commerce,Zeesy,Accessories & Jewellery,Finger Ring,,,,499,,10,Active,https://cdn.shopify.com/s/files/1/0667/9606/0977/files/ElegantSculptedLiquidRing-2.webp?v=1774593940,https://bajihustler.circlewomen.com/shop/aqr2t0qpokqv
Dimensional Meshwork Bangle Ring Set,1095,,,Trust Commerce,Zeesy,Accessories & Jewellery,Bangles,,,,3000,,10,Active,https://cdn.shopify.com/s/files/1/0667/9606/0977/files/bangles-default-title-dimensional-meshwork-bangle-ring-set-31123793-44844549439793.webp?v=1779957257,https://bajihustler.circlewomen.com/shop/u4mdvfkawucd
Elegant Vertex Minimal Earring,605,,,Trust Commerce,Zeesy,Accessories & Jewellery,Earrings,,,,699,,10,Active,https://cdn.shopify.com/s/files/1/0667/9606/0977/files/ElegantVertexMinimalEarrings-5_2ace4fb4-2d3a-403b-9b84-bf63aadc0044.webp?v=1776515720,https://bajihustler.circlewomen.com/shop/ftj93qz6jcir
Milanese Gilded Molten Wave Ring,621,,,Trust Commerce,Zeesy,Accessories & Jewellery,Finger Ring,,,,599,,10,Active,https://cdn.shopify.com/s/files/1/0667/9606/0977/files/MilaneseGildedMoltenWaveRing-G-3.webp?v=1778935186,https://bajihustler.circlewomen.com/shop/xrxtuphcttm7
Tsavorite Beads Kundan Anklet,1911,,,Trust Commerce,Zeesy,Accessories & Jewellery,Anklets,,,,6000,,10,Active,https://cdn.shopify.com/s/files/1/0667/9606/0977/files/anklets-golden-white-tsavorite-anklet-3115943-45739210768689.webp?v=1772096709,https://bajihustler.circlewomen.com/shop/7sj8gn8qlwdo
